ph,turbidity,tds,temperature,humidity,predicted_class,class_name
7.909980049761653,0.1018237180729227,237.97463937641234,26.524939356884246,51.82154245723015,0,Normal Water
6.631150465267803,1.9225790695961718,172.55759763220703,29.431587136764634,55.04998346341207,0,Normal Water
8.402661961999243,3.280419106030631,113.13193104172122,26.434766276725483,51.64488082665233,0,Normal Water
8.107206454776895,2.874815453642008,86.68958773266071,25.293305910743506,45.196553621668016,0,Normal Water
6.78203156750248,0.0,111.70963193539762,22.052424021449312,71.6552581733892,0,Normal Water
7.575777868941328,2.1258589148710323,205.08307674289352,28.405265309171284,69.55232210579014,0,Normal Water
7.003460012657273,1.306639666079309,183.4765312516944,25.018670297963176,48.723035483445415,0,Normal Water
8.41593921784157,3.1409835611375216,83.67223789076859,25.279668289136435,63.1718133255243,0,Normal Water
8.499482886644284,1.521471767174448,127.51726837980478,23.280080592252027,52.02979572485933,0,Normal Water
7.922905968660124,3.4404764948444644,219.50769087590496,28.612468191769192,72.30548890738058,0,Normal Water
6.930865061913025,1.257709324046913,221.00728135025577,28.580201192054556,49.7637958011198,0,Normal Water
6.641599345740175,3.616451984309515,169.64933128304682,27.52823902918741,53.708499471662705,0,Normal Water
6.664640104294411,0.6787393147782481,181.129309428947,24.83928973392064,66.57335931586098,0,Normal Water
7.831581441761342,2.4343340465789005,121.25304672577872,29.962919044868773,45.518571206100475,0,Normal Water
7.331128721204304,2.61956081720332,169.68688544372972,25.47313440176137,52.94621496278111,0,Normal Water
6.700397958096072,2.878549703807781,264.2365698055738,23.065088483484367,48.62175551133562,0,Normal Water
8.207240946913332,4.146584015726587,239.10624812164454,26.438911966481587,64.75454291246179,0,Normal Water
6.9588772242250245,3.268541423512885,198.71002968159664,26.885946784502995,65.20207980622749,0,Normal Water
6.6197710143654165,3.378107673770225,211.43165704750416,23.39264818267872,64.49803231903412,0,Normal Water
8.176399276696296,3.8686671316713435,118.72480973579539,23.230197548784858,62.81528536855794,0,Normal Water
6.552035740261583,0.5207726941349451,241.21681248471995,29.70615875715298,67.11365990251646,0,Normal Water
8.132327704698882,1.609538272003486,218.82131541578036,27.022883487748345,64.6056781540093,0,Normal Water
7.8792903212979875,0.6960828737167453,171.48020239058124,29.520820820149904,66.23751854289486,0,Normal Water
6.835594118507882,1.9863314824233114,212.33289174613992,23.938772589572395,56.82106227155609,0,Normal Water
7.879328981599127,1.550756150891696,118.2095718109958,29.355974563223782,48.2667164997883,0,Normal Water
7.316152870072468,2.852751136797621,161.7073698028995,25.723088960293705,69.59847991886114,0,Normal Water
7.427819294186954,1.2753401594292109,134.68787890163162,26.5507407033219,67.8050097128212,0,Normal Water
7.9690608841679,3.573224494300438,270.5979688086319,22.336391558907188,54.9960174769174,0,Normal Water
7.764933349111417,3.7413553233779107,101.26252696807687,24.665564482121116,73.45313257368765,0,Normal Water
7.404725127299875,0.052888276014641175,86.40023115354252,23.01353135991056,74.65379704193154,0,Normal Water
6.723806720846724,1.4246611662374122,68.08608819387817,25.355183305391723,44.765348196707436,0,Normal Water
7.574231075102029,3.1535451715461598,266.5850948322366,25.962870605060623,56.76898631734901,0,Normal Water
8.358756273993114,4.937162340008774,134.1642240822147,24.448461889154753,45.34722925889302,0,Normal Water
7.258367585186868,1.3604827613443249,155.65591215200115,29.915067955086826,74.24414957945022,0,Normal Water
6.799860317971968,2.245180189526635,219.69935116342478,28.862693021974938,53.75234123884097,0,Normal Water
7.871801584615609,2.7517463384153205,76.72093991238857,23.837900990266263,45.64083461726935,0,Normal Water
6.968471258298195,0.46303849839036154,100.6444936520998,25.636950477384794,43.80728812252371,0,Normal Water
7.394027258361191,3.241073835912103,286.3433909302133,26.23186411723774,69.44400610591501,0,Normal Water
7.908536896885563,2.7592351422628,243.34465760950806,26.36177851153206,70.21685646233922,0,Normal Water
7.484153672642155,0.8774721876621242,197.7193940341329,25.6832025226192,66.4383931539366,0,Normal Water
7.217487446053843,4.454257834732241,134.63785704240928,28.91049592686036,56.1838093789878,0,Normal Water
6.984203320329152,3.1191235109530893,102.74708125373837,29.713447653767638,46.57545412362536,0,Normal Water
8.341382639208803,2.6913368986513486,126.3384090664057,22.598677476623386,45.20645201931905,0,Normal Water
6.473835852014017,3.448346745315724,127.83359964599852,23.404721721922783,57.30838550141077,0,Normal Water
7.9792787417673505,1.762026732694448,156.8560486759758,29.638974940856855,68.45048969519223,0,Normal Water
7.231535265306366,3.988183118644499,130.82761433981702,25.319503137138575,62.44959189027681,0,Normal Water
6.852925767931879,4.555035879790366,227.9569566149661,26.991816051540027,61.387417796331235,0,Normal Water
7.785992953785229,0.3792836028493045,112.42384039293007,26.205074591131996,60.267442872792145,0,Normal Water
7.573054057874157,4.038611084343218,161.88113382781827,23.276389771169235,49.35628453817566,0,Normal Water
7.979118351694138,2.8610460578780508,168.09566682981975,26.482721341953667,52.23816620055576,0,Normal Water
7.9195099437747585,2.2690904745507807,213.00690733927328,27.396912161318127,69.97053080483039,0,Normal Water
8.389296892743971,0.8111633880024527,187.8606651542464,24.30210396650747,61.65222730508634,0,Normal Water
7.591996595901901,2.741919605886141,85.84146904750774,26.7213109663581,63.05006553390264,0,Normal Water
6.736069485554588,0.4872016936269577,102.9819342232986,22.794182038946133,59.41240236668239,0,Normal Water
8.560285943077053,3.2804192740973632,180.4650425882367,23.295732938713744,46.83363171827049,0,Normal Water
7.945075324677357,2.8734977711812038,167.10556020213807,25.36034563518377,69.2813182607855,0,Normal Water
7.272141380886837,0.5815069712068599,111.9295519783019,26.82415277704798,55.52872270838821,0,Normal Water
7.993322706238703,0.6196165162948851,115.40683603994904,25.823013756307134,61.324990066695605,0,Normal Water
7.868409294772223,2.177901066111879,175.02330995094314,23.02350448545057,50.57291190982823,0,Normal Water
8.531134239861533,1.2222057441142389,94.53829963430688,23.06767503160719,58.11419190822791,0,Normal Water
8.483389436756159,3.2215458418877567,134.91688778520424,25.181449060791877,45.922741339760684,0,Normal Water
7.909216879724916,1.4054796031980885,248.4700317962347,23.77617614279529,51.3590419266168,0,Normal Water
7.428042989267617,1.8591827311877853,168.77296889608914,22.90139679931295,72.05002405912296,0,Normal Water
7.196508763427784,1.0260756597406355,107.09941534580695,26.40716023577184,60.16444829910638,0,Normal Water
6.753561497566084,1.5912794014271956,86.12261941890856,25.073332092735697,46.43620529107834,0,Normal Water
8.136649253704487,2.65500675334917,274.87386746816384,26.533635058074232,63.99663669860964,0,Normal Water
8.237003905806354,3.474171541573759,176.6770773073919,22.320478544763414,51.43433874898258,0,Normal Water
7.086990103445985,0.0,207.74047704550335,29.50190766405568,59.54211908586578,0,Normal Water
7.805682389348308,1.1733561998493787,71.03186161598694,29.833215398428397,60.49812022866736,0,Normal Water
7.960207829904266,0.11689254590316212,248.55631146290077,28.634290093725095,45.49255264534177,0,Normal Water
7.481911281418817,1.4080790250833877,180.39134682728613,25.258741011341794,48.775551734970286,0,Normal Water
7.3753953103656436,2.2848476207264894,176.29844877439453,28.287657169513533,74.53902084495151,0,Normal Water
6.813406143364236,3.7784945779284698,106.22511087387954,26.43527790009555,65.57780930662283,0,Normal Water
7.942322455607267,2.5477966001220267,244.00993085781295,23.776212153023028,45.266614459882156,0,Normal Water
7.822815535318643,0.7827591745317262,266.764786586305,22.22680949390686,54.01926440362844,0,Normal Water
6.554077090219245,0.8157862117895763,126.99056094924124,25.010554269287702,65.50000182066272,0,Normal Water
6.913798567230745,1.6273922297706909,76.18372313011122,24.59113560065811,45.34347020512734,0,Normal Water
8.4500365533697,0.225363850455235,143.35816088938503,28.339583705455855,50.90696296190412,0,Normal Water
8.136023507470489,0.8789292897105209,160.88401512791742,28.973089901336014,46.46273543051069,0,Normal Water
6.960910337345497,3.171574164201982,213.6439077048097,23.328497538393492,63.09352793541629,0,Normal Water
8.538701266025646,24.62468402069841,407.92173980098994,22.84618892727441,79.98144776857221,1,Possible Contamination
6.637300486625463,14.98778944242012,525.73239406653,24.18648856614557,70.41768579208006,1,Possible Contamination
8.61325265449065,9.793074993967636,489.82743197812556,27.39153286809409,81.00200750881393,1,Possible Contamination
8.596168188880442,20.13842629814676,501.9123033584045,22.283594319305205,58.26699553322904,1,Possible Contamination
8.479585344030712,15.384654165751833,428.11518832222174,27.50833963649921,71.87798441513041,1,Possible Contamination
5.995673104209065,18.807562350642332,586.2998811249035,23.64986546187769,64.68674502944914,1,Possible Contamination
7.918854486715645,25.160068986254647,538.1373110217048,25.209776383921476,83.88865107951305,1,Possible Contamination
6.712379699681371,22.509538647851002,489.1793804277153,26.145003762006567,55.418630848284096,1,Possible Contamination
8.23508647305759,13.531187290784086,560.1967280338963,23.593890402433402,82.56107310571502,1,Possible Contamination
6.1021306241790905,23.269291054402725,533.3584968137186,29.669107195416665,56.90792240236157,1,Possible Contamination
6.4484530909392666,10.91142226104371,541.1201119766936,27.59896802298826,63.19756528333305,1,Possible Contamination
7.089419495239568,16.681788304285178,541.6780855255502,22.548133609955727,65.98152692249307,1,Possible Contamination
7.27855499839499,25.253537530535844,415.93591190177636,29.99460116478904,84.69289358880143,1,Possible Contamination
8.480849231063704,26.482863216895097,453.80772706074947,29.944087100774688,84.87857799508022,1,Possible Contamination
8.821452408725643,21.293135050195517,439.85633602097676,24.833495163627795,70.00508563228125,1,Possible Contamination
7.048545015283975,13.523997391108026,469.450316525978,26.86087046605305,70.91756183462849,1,Possible Contamination
8.481699974046483,20.89477820156805,591.2936771014994,29.460098046364283,75.41387072771172,1,Possible Contamination
6.291817418378137,17.3983959916171,488.1979504395404,25.144771189391726,64.27926152958922,1,Possible Contamination
6.1932676330291025,10.602958183805715,421.6680052832767,22.84563914554478,78.99827593692066,1,Possible Contamination
6.563307587023418,23.047542019751145,518.5871921024866,28.554766661614785,82.3743862301805,1,Possible Contamination
8.56918627543834,18.96750472570984,454.78635460537527,24.32608236329765,70.72382762722764,1,Possible Contamination
6.3592061745712165,24.379122648171787,421.26321903888595,23.28623993230464,68.51210987230972,1,Possible Contamination
7.877331230450328,22.28158721573183,534.8946634917565,26.255584269943377,69.69094557788382,1,Possible Contamination
7.510874905313918,23.914378252942,472.6249419724562,24.389939458908312,80.11843809280563,1,Possible Contamination
8.058390364854963,15.841711813702467,483.4635632396622,26.272243325685444,68.34205558011969,1,Possible Contamination
6.377404504573517,24.105270084288883,410.8251410056079,27.288881308572858,71.53034163269332,1,Possible Contamination
6.0644439504089345,19.40591811707814,537.0987885027926,29.517123034491547,73.28166999536644,1,Possible Contamination
8.567471109122746,20.983108119692783,515.1819073120662,26.313409807091002,79.09925383496166,1,Possible Contamination
6.65590583623441,12.401713653192385,450.28289866705234,27.959293731135148,67.37108470903688,1,Possible Contamination
7.988471162559567,22.203605396229992,590.6251983665228,24.249945220425232,82.93175896150706,1,Possible Contamination
7.702222411654254,27.72550580761948,467.17938847474664,22.61213617740188,73.14446614717166,1,Possible Contamination
8.038167232940019,9.032221910595005,554.789588470586,26.462593466362506,56.47238518438147,1,Possible Contamination
8.779862725625742,17.18053661274496,468.53232407838567,23.26212969971171,67.70987170703154,1,Possible Contamination
8.050995039906924,22.304923242400132,550.3248283729547,22.036627866763453,84.30810940933497,1,Possible Contamination
8.520246503153956,12.395900052144725,401.8326544863248,23.73848511483388,57.38033565972621,1,Possible Contamination
7.335484420973436,18.953991239856194,459.763802117864,26.16674129803852,66.45146539862907,1,Possible Contamination
7.298780579202461,22.1252196940621,432.1927772100308,26.305683179126735,83.22608685800908,1,Possible Contamination
7.749480719538997,11.313116625783444,538.8787128992986,28.47448460259955,74.4509853441219,1,Possible Contamination
8.25517280904513,12.975437457915627,395.08596411670476,28.547240889098795,73.64635548738593,1,Possible Contamination
5.9208581587856735,18.18259986769641,528.2986790127524,29.349414754836523,58.598985637672556,1,Possible Contamination
7.078481824946321,8.166560469591778,400.4638328719397,25.8895637026899,56.19760821911365,1,Possible Contamination
7.491135640775336,1.016585845453819,93.96206477067574,28.913644939249323,64.66759228845848,0,Normal Water
8.376674414647947,1.921559320575362,178.53547913822086,27.347782365748092,54.72059976350628,0,Normal Water
7.049423370802256,2.950095683710483,193.58269425597928,28.87180051231633,65.14426363709909,0,Normal Water
7.634771572335767,1.8944308560534895,181.62531353438527,27.70243652545878,74.94590383829416,0,Normal Water
7.557544993327577,3.6782489647242516,148.54878895998445,27.274617095173493,57.30363018188852,0,Normal Water
8.060503392944646,2.824732137004302,174.32570766583922,25.303230597024303,46.858184460519844,0,Normal Water
8.223698357296245,1.8727517177142847,64.41957407505225,26.99498235696479,42.14384943238099,0,Normal Water
6.886864519162036,3.123550663873494,145.6425643900998,29.079942920000278,59.79346836423854,0,Normal Water
7.062238559929553,0.9232116136012036,251.24775944658495,28.356859815850907,64.13897932466324,0,Normal Water
8.157839087021244,0.6912103917319236,216.2412759975357,27.52888928568123,64.47565558251003,0,Normal Water
7.067309538282496,2.6312294737564765,194.1624814569545,23.298669452884056,74.47806271268294,0,Normal Water
7.035067687900373,2.1446699025736713,228.3802939177732,24.162112254568836,64.05786959079528,0,Normal Water
8.141995177208155,0.9292244233468996,270.3983685795299,27.629853896349207,72.72719713495448,0,Normal Water
6.880142083912317,0.9196276088058681,262.00951794578657,26.584605712678773,42.776435094669594,0,Normal Water
7.46923346309642,1.415244801048366,139.95148896176204,24.11016068725653,54.17041832835167,0,Normal Water
6.8896171467835075,2.852264399078833,95.00852744633264,22.218822425275224,66.89383553181864,0,Normal Water
8.010999359800694,0.3383692945000577,113.56640584571979,24.036930029914657,44.9588187654044,0,Normal Water
8.106326902887666,2.6761587728939698,111.02099197588932,24.646533321534765,62.647065610619634,0,Normal Water
7.205222933566582,1.433636378428452,229.08331466841437,28.192855156224123,43.050842975632776,0,Normal Water
8.223509323571147,2.209536847360639,83.49061289580469,22.33405466197336,57.51531112512423,0,Normal Water
8.154715437913973,1.6661177013210424,155.09982253662974,28.9277758945081,44.397670566642965,0,Normal Water
6.842164931552096,4.181879619890883,266.9878665851262,25.784530782691448,71.6277357003508,0,Normal Water
7.286780940550683,1.309724943474976,219.54307562513893,22.063716166162457,70.35399775610784,0,Normal Water
7.657268485285186,3.73770684214794,158.96375221335998,23.954689909477377,47.97922078609973,0,Normal Water
7.240540470520505,2.7383279004301633,89.52265412441761,25.186634978510547,54.3916480931213,0,Normal Water
7.7565750870822106,3.419681198596238,258.7051807683768,24.88535029990242,67.88551075049955,0,Normal Water
6.982742616262596,3.518483117254494,252.69271655192603,23.033002239563363,46.0048465731276,0,Normal Water
7.3203606296542665,3.7501400928549455,157.7890481025307,28.99859286877613,69.66169751144211,0,Normal Water
8.409224543144541,2.074402828344631,256.42240729805815,22.839685568006722,52.233182129634216,0,Normal Water
6.633679267857086,2.6017894491343947,171.77146085691666,25.993304507057207,73.80162061499233,0,Normal Water
7.113179944207837,1.6018937906311177,134.95885458493893,24.351515525733525,50.1509446134588,0,Normal Water
6.65927818296607,1.4268737772610873,145.1349358899534,25.746701214262973,70.58758564002173,0,Normal Water
8.163186467604067,1.6918251942110745,271.2684572240584,29.95465296588085,72.28390443703279,0,Normal Water
6.60671184634656,3.2962819978463918,187.95638330914585,28.650785609086817,73.42112525634447,0,Normal Water
7.613225615518459,2.936863221230856,94.99403176340266,23.188095459237264,61.82863306230588,0,Normal Water
6.7472634461941245,0.3781822461738102,248.06742222300898,23.70814961459803,47.835586460446976,0,Normal Water
7.912102831837904,1.5783601530529707,83.95997055185333,26.822038245361526,72.28026483413642,0,Normal Water
6.920055316483158,4.031091480872179,151.58560170342108,29.78355475816423,58.99404805711576,0,Normal Water
8.463299352950285,3.3935164966044336,82.80032098869447,27.847834304023856,47.48872504457361,0,Normal Water
7.999839383871604,3.8016067077582303,247.0936105283085,28.228945782532207,61.16006736121323,0,Normal Water
6.817047630252269,1.6612364590503859,172.87644354549028,23.388582437746738,66.95307377380153,0,Normal Water
8.459309713272116,2.9521116081956604,251.26758819723253,23.86255268352963,50.818010224723054,0,Normal Water
7.181261842994808,2.153447148054141,180.42696910868193,24.774728394034916,61.159494351764735,0,Normal Water
7.06882512006362,1.5256152765470086,261.8731532165307,29.477037753630356,73.34939788567031,0,Normal Water
8.086200668390074,2.6093031316327084,187.13744632206433,26.19414162489226,72.29947622645686,0,Normal Water
6.563059736054844,1.8307624858068499,146.39176629188387,29.573429916403047,56.60146720843793,0,Normal Water
6.867037077875373,1.1368774813263203,67.14997849238925,24.301456443769275,68.2717344077738,0,Normal Water
8.384738852847631,3.2799770759387163,193.8541129069723,24.136187769980868,73.1902239131648,0,Normal Water
6.738625630827981,0.9294674213404954,260.63598127206916,28.897793606484647,60.20140337953903,0,Normal Water
6.7770790812028885,3.125119669587175,87.12834421603316,29.444617542420296,56.836734562244665,0,Normal Water
7.765851357439984,0.32369819917649223,242.0929895190414,28.502480513153888,73.93353340810756,0,Normal Water
6.717593376381967,1.0724918593056292,89.81025651684854,27.036390267644514,64.53220265448664,0,Normal Water
8.392166080349142,2.173104817264927,133.92899725223495,26.658102863935376,54.74670326932225,0,Normal Water
7.009830315151262,2.8506209804876033,247.5234488026981,26.478515539048146,44.52431099342981,0,Normal Water
8.177507006510279,1.8262874076783842,149.56665881630565,25.469145875443562,54.62721301901508,0,Normal Water
7.923626689360941,1.3979084006187346,178.01510119163666,23.77711525574143,73.17903851090202,0,Normal Water
8.00510716367691,0.30619323037771945,81.68773797861373,24.066068617803534,61.78266318109414,0,Normal Water
8.110829207845015,1.718294633938263,224.5679115011819,28.430077587718973,47.011213553622625,0,Normal Water
7.150587363029303,1.7384469643914846,117.18763090100778,22.65084459192158,66.40239617311562,0,Normal Water
6.867732906350767,43.13222455683162,726.411111606124,29.372358910238525,64.05680397505034,2,Severe Contamination
8.321666259521514,41.73916991867422,560.3137627324488,22.293521614184087,74.46665668505804,2,Severe Contamination
6.231076561857178,22.03938423350037,780.5930119766153,30.402812172601855,71.44722170328693,2,Severe Contamination
6.264957352563589,16.467635586422492,714.8334551720983,27.342708000850365,82.30403477535779,2,Severe Contamination
5.631755248962911,34.13987621348331,598.7045068900607,29.756450023221742,90.66003760393723,2,Severe Contamination
6.061521494101041,36.28238323809041,627.4594183225914,22.519216873126293,84.12241419702666,2,Severe Contamination
8.045410514129472,25.600655208907934,564.7769266454244,27.26967150805857,62.32030094929382,1,Possible Contamination
8.306910696511217,13.878196222191814,771.949775997223,22.472778048961786,88.5639613868176,2,Severe Contamination
7.332360996613075,31.744437495895227,783.5741214421547,31.737333818910376,77.59140740562931,2,Severe Contamination
5.775037701951068,22.09408002336396,772.0008364123348,25.356811614416674,81.33201917111538,2,Severe Contamination
5.97453178576085,25.14898449952908,704.1554682579308,31.97903440355467,89.37661891992659,2,Severe Contamination
7.3745921835603205,41.72381761061157,630.8096819077838,23.741987745943398,81.49766485678744,2,Severe Contamination
7.060968928038426,15.374370011781112,491.22391238676187,30.975531630045307,76.6220054764386,1,Possible Contamination
8.112100554868316,35.55143745119557,710.4695344411678,29.069568009261943,81.66779259415594,2,Severe Contamination
7.942185050330784,37.42930528158958,656.3346496908238,26.890928139125975,83.36712208891812,2,Severe Contamination
7.985930058330061,45.764738965262055,734.5120077922447,29.380039660023417,87.73588880545898,2,Severe Contamination
6.643854124251662,27.44366819655834,812.9971726511744,29.071805701032787,78.15496357852433,2,Severe Contamination
6.909449098162182,31.07962609944437,733.0353285175943,22.204052841844277,68.52084556967462,2,Severe Contamination
9.205491098204826,38.1815267394369,573.8856081392088,29.436948836508904,77.72654534227814,2,Severe Contamination
8.120798826378252,21.340242528609046,605.1411748387424,26.225554833669005,69.95643713707891,1,Possible Contamination
8.99588592093335,21.0149846436719,704.4555851976132,24.242130529910664,65.55114825894825,2,Severe Contamination
7.955480509135558,16.391755200630467,667.4428475233898,28.760089471594192,63.7005624306926,2,Severe Contamination
8.492832112970259,44.40335296666603,572.3201319323904,27.14404015074283,76.14467563214257,2,Severe Contamination
7.43462356407601,41.10255620767308,813.9040059556722,24.918741301952114,66.64398626878778,2,Severe Contamination
9.683846864821993,35.18386155683211,809.8030962676071,27.058003534430696,78.20749454373556,2,Severe Contamination
8.998708677260817,37.69842014973609,585.4361329161727,28.6939137138834,79.58422787898104,2,Severe Contamination
9.47498451848268,41.46643509280344,711.3663099975361,24.63053962328469,84.76982805035834,2,Severe Contamination
6.3753354862405995,36.98324574620459,550.6864195750785,26.48280201657837,76.90506977115396,2,Severe Contamination
7.3110758985481645,19.81676059101205,510.0175739540805,30.59544431461649,91.19017337146242,1,Possible Contamination
7.179839177245888,17.359302211161786,607.3865002983046,25.22723397651326,87.04037652993796,1,Possible Contamination
6.681800938185427,26.986894520437126,609.9789324678143,22.489861870692412,70.03731276262906,1,Possible Contamination
6.057904743329743,16.668484502209516,591.3431385752788,29.01004340751721,80.74219895976996,1,Possible Contamination
6.265516369217079,31.5931782606813,537.4502126368553,28.77747356656016,81.49288598466805,2,Severe Contamination
8.059730200471524,21.379335640553496,651.0604459258655,29.235576265505266,76.87619996746236,1,Possible Contamination
7.0942507325955955,33.41281982626583,680.5904861617825,22.690921369890948,74.23228257127568,2,Severe Contamination
7.0261644027580665,35.91662322937216,731.2678870244735,25.333709034900735,85.82529903109177,2,Severe Contamination
7.837071577418427,27.42270984899996,675.2900117669606,25.29454245818768,61.90383288900242,1,Possible Contamination
6.747107713628885,28.95220266422343,535.0496273316605,31.393641469507553,63.157931044983584,1,Possible Contamination
6.082235421189674,24.91793105776205,740.8329727677334,31.91960398803195,89.62981293388474,2,Severe Contamination
8.225137845058777,34.82521104304853,683.1668711199409,31.09842422358986,64.67552964171757,2,Severe Contamination
5.933211223406556,34.85171376910668,660.5704159108122,22.09097156348245,70.73515468254352,2,Severe Contamination
6.649609154380488,2.9270470863207425,174.92780368407816,23.509494117067067,50.89480822121564,0,Normal Water
7.67265115010208,1.5795262232329565,81.44084087519241,27.426086692501194,57.97913043144726,0,Normal Water
7.895383600786316,0.0,235.25579039211993,26.537874618373543,44.036541685066794,0,Normal Water
7.019098003966002,0.6551243396818504,274.8376817746485,24.190902097310396,72.67306999884806,0,Normal Water
7.548612985576596,0.4602195156864877,124.32478303267406,23.98923167209602,71.69011655573314,0,Normal Water
8.10715014620253,0.09822490975682913,72.06752939971658,25.881814368373885,63.42453970689201,0,Normal Water
7.57607601730727,0.5019003924695618,164.84048953230075,27.318585097384382,52.2197787973053,0,Normal Water
6.8928104986380605,3.44029635323641,99.49880054954475,26.58715405323585,67.066761897112,0,Normal Water
6.552979321812438,3.870248316021332,153.2566895366074,28.125076019138938,72.1993791259134,0,Normal Water
7.156588544817003,1.285538712025258,106.34912504193323,29.811189144832586,43.7218342121405,0,Normal Water
6.925152431275284,3.780337345018191,131.3691013162517,22.15723240731156,43.73902345251332,0,Normal Water
7.813267326401406,4.685684239552724,118.78180162473919,28.891637931167065,52.65488078145772,0,Normal Water
6.719119590432151,0.14368052703797463,200.19577597427664,24.38252892787607,48.67878597975784,0,Normal Water
7.491514612689597,1.3181578470184498,203.62679731222966,22.625726616946384,59.32778110304234,0,Normal Water
6.665850987500245,4.02679316451891,82.67220210801972,28.10459892680952,59.53092632545917,0,Normal Water
7.731178897326234,0.40812070474244116,117.76572314025861,28.06725366736794,55.35219579244357,0,Normal Water
8.29697769342409,1.0440726269970964,154.72184188412416,23.58964615232378,47.098449693257024,0,Normal Water
8.155426892051437,2.4597959522531574,219.26085876828841,29.406937899491297,58.639029887368025,0,Normal Water
8.04315297824393,1.1482086981458177,214.2273823840664,23.638855100534354,52.05164383630404,0,Normal Water
7.653652994349075,3.485069142353686,268.64510347334436,22.213366280095737,48.7985262974287,0,Normal Water
7.765843748508862,1.1299998598435939,147.10156881172185,27.905360174339876,71.18260116250579,0,Normal Water
8.506653416054789,0.735427553416745,208.54334134962323,29.38943023724916,62.94563092173749,0,Normal Water
6.645786204133444,1.1383138224190334,243.59368786443937,29.047395533546762,49.03946317614546,0,Normal Water
7.582704087652276,0.0,82.5236664414162,26.658635651571792,45.29116825523486,0,Normal Water
7.456114113705133,1.2691080518543663,120.61751370106909,26.774434706874228,42.54185456981647,0,Normal Water
8.230413447158321,4.402553761855739,223.39369272940738,25.317147359534257,55.53755829705093,0,Normal Water
7.9856798906586715,1.2822904599206257,186.4902142061865,28.69478194719933,55.53816832491884,0,Normal Water
7.299159182571858,2.7481548323674034,71.29098946459457,25.480068177216832,66.47105505935568,0,Normal Water
7.446332755788193,3.2238365867615193,212.1302097745961,25.922542232695086,44.88377593618455,0,Normal Water
7.770661418242837,0.08995174012057167,157.41269947380238,25.57856785233248,63.408736041983346,0,Normal Water
6.56437569783918,1.1106752990024025,180.6632558506091,29.47087701018435,67.0310655258842,0,Normal Water
7.7524676319065025,2.422023128136937,148.0817710118414,27.020264961011847,44.05873864342421,0,Normal Water
7.032042509760092,2.7884794327940567,192.39691563105882,27.62154450370533,43.8470833391946,0,Normal Water
7.680693321582763,0.3110934452665619,249.72102402856902,25.695406393399345,52.932514737358545,0,Normal Water
8.145326308908874,0.6324917902550578,163.89070389758697,26.021717311241886,55.20360849351936,0,Normal Water
7.333242118743489,1.8394739521094023,118.97926249791362,22.252766005084244,73.46987016216134,0,Normal Water
6.8494603800171125,0.698861956809438,241.62988174759158,23.428278602991682,53.17936504296867,0,Normal Water
8.23905422261333,1.2806503921161678,79.44737518283021,25.518088149213497,73.05984905733153,0,Normal Water
7.053950234714881,0.8517043311519134,248.96697070604486,29.25987064688771,62.59374522036793,0,Normal Water
7.423928077000387,1.1489753075931404,167.33221124883983,27.941145929254603,55.514552787313434,0,Normal Water
8.060769983826532,1.0596522437850089,161.20470390484738,28.307411506558445,69.71418891371349,0,Normal Water
6.5837429079953385,1.2262385567082075,170.32029482952035,29.019246483958796,47.00352454065549,0,Normal Water
8.427452974488903,0.10462142708590139,69.30712213420937,27.983673961466838,44.886610843753246,0,Normal Water
7.720829782706088,3.6913155034670115,153.62099240620435,26.732143919283395,45.55088270048131,0,Normal Water
6.490132167370104,2.211391499906441,204.83942095935518,29.900514782193333,53.514184790817595,0,Normal Water
8.178806636678782,3.2073927866218854,103.1461276857119,25.40518042158329,64.48273753418277,0,Normal Water
8.2520631172896,2.6087135254507547,205.27539122051226,26.74794391217855,66.5179334472997,0,Normal Water
7.535224155590264,1.3182859871836325,171.35409535560433,23.74533228355002,73.0224704194392,0,Normal Water
7.889308853639917,2.4262774186148435,203.14698920461575,24.652465894527165,70.73025019026103,0,Normal Water
7.887469963637398,3.0324689380491194,212.97614365706147,23.288938152506717,48.4693093443771,0,Normal Water
7.356733437509919,2.4423163282586846,146.0348224471451,29.029905857986904,47.512563069986065,0,Normal Water
7.393941740159078,0.0,211.7127758876668,28.728662642930484,65.49369434919412,0,Normal Water
7.745621840354279,3.935611752072906,209.9287472863935,24.225947316656704,63.77495434669659,0,Normal Water
7.8909425419245816,3.214603314672496,271.09227625037767,25.754284178730263,47.32124980456998,0,Normal Water
8.285984342726726,3.752457169116926,119.81341685310511,26.769311230536577,69.87029570693184,0,Normal Water
8.168995769516426,1.3138185899048973,168.84016431326162,28.28210108700956,54.83240974090042,0,Normal Water
6.851413800799079,0.9017404379317225,196.73203612433952,25.08215938838368,52.21968783431385,0,Normal Water
8.148250557311162,3.8382264916986526,94.6985714308923,25.487007205348966,74.11347353312405,0,Normal Water
6.617683778664076,2.2999413327669234,277.86533133908085,23.912981829779923,61.887240414691945,0,Normal Water
6.897131966148457,2.628361193865529,253.08487663087902,22.187469211437243,74.30379326302509,0,Normal Water
6.626452413509089,1.0371708230813153,236.53277716455145,27.416509122016308,63.326760718614324,0,Normal Water
7.58049342532564,0.0,70.06993351636267,23.88433303877647,74.5019458195755,0,Normal Water
7.767044506702527,2.86130676158244,207.8911251862011,23.00598153831158,71.6096801167577,0,Normal Water
7.7082187016587875,1.08949242619852,280.7698224271402,22.17034874570738,47.32249630143593,0,Normal Water
6.773535580067329,1.8945320239393877,176.9881841403354,25.734051431898266,74.62289107765022,0,Normal Water
6.525704316022318,1.2299115075034721,177.2507048072816,22.64792984860041,56.412589985689166,0,Normal Water
8.431035504634977,1.6528957732402862,250.81554833531726,27.735585846368032,56.8249933975982,0,Normal Water
6.628900601016918,3.6420865170083805,272.7059091749934,24.284380669130545,73.57184858366834,0,Normal Water
7.071360366980341,2.2009717337558623,130.89145241926119,27.988378807110646,43.013444586748165,0,Normal Water
7.9257334615086314,2.2008723438049045,234.0735051157631,25.749915913865024,43.26708723080094,0,Normal Water
7.203746617201394,3.514383892266477,113.9972555701313,23.45178835285339,50.09366829463914,0,Normal Water
6.471094019731972,2.4791612520814823,100.56587810372858,29.681836524757507,54.880356434873995,0,Normal Water
7.20300297912981,3.525127367198256,249.10125273387712,22.126743043668135,72.43826692673143,0,Normal Water
8.403919084254579,2.8077154129449915,145.06447907381903,26.10884154055256,59.20126882103901,0,Normal Water
8.159461760920042,1.5695955134445392,151.9128095655533,23.83225890042592,74.4217221144717,0,Normal Water
7.915290366298666,1.3959103237173782,202.09691452798043,27.77875257304675,63.03986517886467,0,Normal Water
8.047463979982531,0.7473641815292773,158.77610412581313,27.04165016333433,71.26632092825645,0,Normal Water
6.649674091799664,2.8689027345731968,124.05928860729557,25.466298601918496,46.44591636865085,0,Normal Water
7.39429817491849,4.601074085221047,74.20353453443664,25.058943019034,51.1514759834573,0,Normal Water
